<?xml version="1.0" encoding="UTF-8" standalone="yes"?>
<SharedFlowBundle revision="1" name="Shared-Flow">
    <ConfigurationVersion majorVersion="4" minorVersion="0"/>
    <CreatedAt>1755696634187</CreatedAt>
    <CreatedBy>nallamothu.divya@lycatech.com</CreatedBy>
    <Description></Description>
    <DisplayName>Shared-Flow</DisplayName>
    <LastModifiedAt>1755696634187</LastModifiedAt>
    <LastModifiedBy>nallamothu.divya@lycatech.com</LastModifiedBy>
    <ManifestVersion>SHA-512:a3400c4674aa8241acb46c27c8830971a55d120d302ea14aad0cecfed2947d975fe3e8f9e309324b00f6abf0a20ea117e238588f811407c50e351f7fe3e9c5f1:dc-eu-np-1</ManifestVersion>
    <Policies/>
    <Resources/>
    <Spec></Spec>
    <subType>SharedFlow</subType>
    <SharedFlows>
        <SharedFlow>default</SharedFlow>
    </SharedFlows>
</SharedFlowBundle>
